,train,val,test
XLB,0.017295472541454016,0.006716663842791877,0.014482500932776025
XLE,0.023693254535490052,0.0005229741182582312,0.02148653372292437
XLF,-0.007530454681709526,-0.03546253047274295,0.014369972930940498
XLI,0.013201713730552057,0.009812266198712241,0.017796591251794065
XLK,0.052607405238843684,-0.033697210333461,-0.015210776243627109
XLP,0.0205819551847363,0.007987515691405682,-0.038878768919656546
XLU,0.011329300742915369,0.009449283471615347,0.011170997401281024
XLV,0.010497634476072246,0.01282832077799173,0.012385652410176317
XLY,0.0005106992319759383,0.019790402284613883,-0.026000992734297772
