,train_return,val_return,test_return,val_weight,test_weight
XLB,0.06404619101917297,0.07229983105628346,0.12242183940735152,0.125,0.125
XLE,0.10071109042429671,-0.010400238934660577,0.15949645160833148,0.125,0.125
XLF,-0.00517277320472187,0.1214264530035023,0.14318386753882906,0.08007766637181392,0.11811275052382478
XLI,0.04920242558035981,0.11442255398581302,0.15767672764907137,0.125,0.125
XLK,0.00024311165051216221,0.15565110126626447,0.27487943643454993,0.05855287218254378,0.0799057031753051
XLP,0.039368182067005986,0.09281496294552283,0.09755994174081906,0.12479354915907585,0.10627282922989773
XLU,0.04729693808582369,0.11003819199933318,0.0954901507966126,0.125,0.125
XLV,0.044605220339977825,0.1554020417107116,0.11099843438641122,0.125,0.125
XLY,0.05513650769833234,0.1464222652622078,0.1282965183147815,0.11157591228656642,0.07070871707097239
