model,top_n,train_cagr,train_vol,train_sharpe,train_max_drawdown,train_turnover,val_cagr,val_vol,val_sharpe,val_max_drawdown,val_turnover,test_cagr,test_vol,test_sharpe,test_max_drawdown,test_turnover,stable
core+AWHNONAG+AWHMAN_r4,8,0.06178700826319128,0.1543313908949351,0.31945128075398255,-0.4953677003993142,0.10253974656855615,0.1088507565092578,0.1037475045302803,0.994161713083615,-0.11680573282111306,0.06607927921178396,0.15232079862928338,0.1602638367877561,0.7968464845047332,-0.24757492534333425,0.1298022273432883,True
core+AWHNONAG_r4,8,0.06288850833162574,0.15509268876822016,0.32527119199364274,-0.49838581410371297,0.055843766762894945,0.10721201911192368,0.1036222903172329,0.9808071418700679,-0.11617932697348721,0.042454821085804256,0.1490470502728638,0.1622425470379932,0.7709069588202039,-0.24590724947018394,0.1064156239221333,True
core+PAYEMS+ICSA_r3,8,0.06292699032034266,0.15152089548857042,0.32962725858625064,-0.4880771233441258,0.05093304548874581,0.10626906907113431,0.10337079954314374,0.9744677813733393,-0.12090573026574092,0.03856619946812902,0.15696305013201983,0.15407708314377472,0.8492613954635739,-0.23789164904283466,0.05052948096703447,True
core_r3,8,0.0609061525423118,0.15551963053196982,0.3127344952693906,-0.49741293485072746,0.05144532685559843,0.10688462448680758,0.10434867972070008,0.9718747023832566,-0.11825457003806727,0.0339829494707433,0.14420123352587644,0.16136955157942257,0.7479359704505191,-0.24998978049094134,0.051032465422560874,True
core+INDPRO+AWHNONAG+AWHMAN+UNRATE_r3,8,0.06351429081593873,0.15227612235985472,0.3324148760573421,-0.4770798912709663,0.06228893501613534,0.10564590011546748,0.1030742133973923,0.9714383843227128,-0.12086623787893025,0.044034875216191885,0.15379925673722816,0.15545215505048526,0.8256096733069073,-0.24411454865082938,0.11932213493724936,True
core+INDPRO+ICSA_r3,8,0.06434375668726378,0.14667518613752303,0.3446205883169977,-0.4550105903857202,0.05034221509922983,0.10572811782710834,0.10331609473464028,0.9701553216192454,-0.12097513846564811,0.0384763740729476,0.15755288404034196,0.1564604197936844,0.8415078700584175,-0.23310077856104283,0.04630983649927445,True
core+INDPRO+ICSA+UNRATE_r3,8,0.06327494123589839,0.1513959406070881,0.3319184208405493,-0.4872840493470757,0.05078150137690376,0.10576330054334848,0.10339249019281317,0.9698354314098415,-0.12099096083545369,0.040559626099914245,0.15929803164715484,0.15185496161802767,0.8723935757983848,-0.22329201491415263,0.048803561781374453,True
core+INDPRO+PAYEMS+AWHMAN_r4,8,0.06419510651984384,0.14666564653030736,0.3437096456518541,-0.4555093704278357,0.05178295001374617,0.10566391044293688,0.10329468207108172,0.9697658857010825,-0.12074950213230018,0.03701196566486221,0.15576351575610992,0.15758935489701936,0.8271265778231176,-0.24164335720601282,0.057705374631727556,True
core+INDPRO+AWHNONAG+ICSA_r3,8,0.06411245051130887,0.14673207928251572,0.3430450225119815,-0.4551438178270505,0.050912883172066624,0.10530294454559086,0.10339046888273075,0.9658103218616032,-0.12097160437213894,0.0413399619187794,0.15860373040040754,0.1564396689452491,0.8476344743909084,-0.23345396362188453,0.055289721463156825,True
core+AWHMAN+ICSA_r2,8,0.059965411382475464,0.14998659880728968,0.31268551546197976,-0.4473839181776089,0.037308973260755475,0.10427482142357802,0.10253807599834475,0.9638102873614107,-0.12106200193708205,0.02289746029544922,0.1583097128231099,0.15717007278947528,0.8429553635651109,-0.23796838592468506,0.050587562772444736,True
