date,XLB,XLE,XLF,XLI,XLK,XLP,XLU,XLV,XLY
2013-01-31,0.125,0.125,0.1249811333326366,0.125,4.760629465801278e-05,0.12497126644734566,0.125,0.125,0.12499999392535978
2013-02-28,0.12500000000000003,0.12500000000000003,0.12472412068004926,0.12500000000000003,0.0006531378622275251,0.12462274219120302,0.12500000000000003,0.12500000000000003,0.12499999926652026
2013-03-31,0.125,0.125,0.12381081745580777,0.125,0.0017790453410849278,0.12441013731043245,0.125,0.125,0.12499999989267485
2013-04-30,0.12499999999999996,0.12499999999999996,0.12421435363492737,0.12499999999999996,0.0009554150711509397,0.12483023129809534,0.12499999999999996,0.12499999999999996,0.12499999999582623
2013-05-31,0.125,0.125,0.1248698208824737,0.125,0.0002547086649295938,0.12487548205827184,0.125,0.125,0.1249999883943249
2013-06-30,0.125,0.125,0.12031947511244195,0.125,0.005716073843567231,0.12396448721937348,0.125,0.125,0.12499996382461734
2013-07-31,0.12499999999999997,0.12499999999999997,0.12295342757193947,0.12499999999999997,0.002113414403798812,0.12493315802761121,0.12499999999999997,0.12499999999999997,0.12499999999665042
2013-08-31,0.125,0.125,0.07172143343057562,0.125,0.053291674429025576,0.12498689214088404,0.125,0.125,0.12499999999951478
2013-09-30,0.125,0.125,0.009296045895933969,0.125,0.11573874725094332,0.12496520685312429,0.125,0.125,0.12499999999999846
2013-10-31,0.125,0.125,0.00852575939263352,0.125,0.11647458043887216,0.12499966016850081,0.125,0.125,0.12499999999999353
2013-11-30,0.125,0.125,0.03455795309201624,0.125,0.09044759900918839,0.12499444789987858,0.125,0.125,0.12499999999891684
2013-12-31,0.125,0.125,0.005518876588807213,0.125,0.1194833368119134,0.12499778659928144,0.125,0.125,0.12499999999999793
2014-01-31,0.125,0.125,0.000610439305932294,0.125,0.12438961047432541,0.12499995021974242,0.125,0.125,0.12499999999999988
2014-02-28,0.125,0.125,0.0009159413440481375,0.125,0.12408426640433395,0.1249997922516297,0.125,0.125,0.12499999999998825
2014-03-31,0.125,0.125,0.00028400097658037854,0.125,0.12471845381599199,0.12499754524175914,0.125,0.125,0.12499999996566849
2014-04-30,0.125,0.125,0.0001830477240455463,0.125,0.12481705492419447,0.12499989735183939,0.125,0.125,0.12499999999992059
2014-05-31,0.12500000000000003,0.12500000000000003,1.951914290775753e-05,0.12500000000000003,0.12498104048965643,0.12499944036743588,0.12500000000000003,0.12500000000000003,0.12499999999999999
2014-06-30,0.12499999999999997,0.12499999999999997,0.00012782061113216642,0.12499999999999997,0.12487231257145612,0.12499986686123148,0.12499999999999997,0.12499999999999997,0.12499999995618018
2014-07-31,0.12499999999999999,0.12499999999999999,0.00012881797278582293,0.12499999999999999,0.12487133407999167,0.12499984795025149,0.12499999999999999,0.12499999999999999,0.12499999999697098
2014-08-31,0.125,0.125,0.00022980463753688706,0.125,0.12477030258536985,0.12499989282376167,0.125,0.125,0.1249999999533316
2014-09-30,0.12500000000000003,0.12500000000000003,0.0005485224817899698,0.12500000000000003,0.1244518867080093,0.12499959314479442,0.12500000000000003,0.12500000000000003,0.12499999766540636
2014-10-31,0.125,0.125,0.00045720682800707245,0.125,0.12454298063689412,0.12499981255713301,0.125,0.125,0.1249999999779658
2014-11-30,0.12500000000000003,0.12500000000000003,0.002001641443414746,0.12500000000000003,0.12299910654017328,0.12499925867560877,0.12500000000000003,0.12500000000000003,0.12499999334080325
2014-12-31,0.12499999999999999,0.12499999999999999,0.004882851197555006,0.12499999999999999,0.12011825631271601,0.12499889315132293,0.12499999999999999,0.12499999999999999,0.12499999933840601
2015-01-31,0.12500000000000003,0.12500000000000003,0.09927006704927464,0.12500000000000003,0.025754523278692466,0.124975972366101,0.12500000000000003,0.12500000000000003,0.12499943730593197
2015-02-28,0.12500000000000003,0.12500000000000003,0.1247988700949016,0.12500000000000003,0.00032489032425790616,0.12487965268937809,0.12500000000000003,0.12500000000000003,0.12499658689146248
2015-03-31,0.12500000000000003,0.12500000000000003,0.11524218624872781,0.12500000000000003,0.011914756939489575,0.12302221532640727,0.12500000000000003,0.12500000000000003,0.1248208414853754
2015-04-30,0.125,0.125,0.10490459019291604,0.125,0.02043305750960746,0.12466444120289176,0.125,0.125,0.12499791109458477
2015-05-31,0.125,0.125,0.09085253760653947,0.125,0.034321246574622426,0.12482843377312532,0.125,0.125,0.12499778204571282
2015-06-30,0.125,0.125,0.11260547996093857,0.125,0.012495773808969829,0.12489877355820819,0.125,0.125,0.12499997267188341
2015-07-31,0.12499999999999999,0.12499999999999999,0.12384721872342197,0.12499999999999999,0.0011791156077019579,0.12497366592717045,0.12499999999999999,0.12499999999999999,0.12499999974170559
2015-08-31,0.12499999999999999,0.12499999999999999,0.12456210880359993,0.12499999999999999,0.0004861377588881031,0.12495175365950278,0.12499999999999999,0.12499999999999999,0.12499999977800916
2015-09-30,0.12499999999999997,0.12499999999999997,0.1249999999496841,0.12499999999999997,0.00017750094795884017,0.12482249913272357,0.12499999999999997,0.12499999999999997,0.12499999996963342
2015-10-31,0.12500000000000003,0.12500000000000003,0.12499999925715718,0.12500000000000003,8.269842918883073e-05,0.12491730259619548,0.12500000000000003,0.12500000000000003,0.1249999997174586
2015-11-30,0.12499999999999999,0.12499999999999999,0.12499999273593135,0.12499999999999999,0.0004449139952663502,0.12455509349672993,0.12499999999999999,0.12499999999999999,0.12499999977207234
2015-12-31,0.125,0.125,0.12499994900961525,0.125,7.013303698615442e-05,0.12492991827456569,0.125,0.125,0.12499999967883293
2016-01-31,0.125,0.125,0.12499999630058072,0.125,6.44269707421476e-05,0.12493557723572561,0.125,0.125,0.12499999949295153
2016-02-29,0.125,0.125,0.12499999999123385,0.125,0.0005138566365400189,0.12448614342768287,0.125,0.125,0.1249999999445433
2016-03-31,0.125,0.125,0.1249999999999716,0.125,0.0010968588402809226,0.1239031413151623,0.125,0.125,0.12499999984458518
2016-04-30,0.125,0.125,0.12499999967476064,0.125,0.0005768938638270914,0.12442310750052758,0.125,0.125,0.12499999896088468
2016-05-31,0.12499999999999999,0.12499999999999999,0.12499992584456339,0.12499999999999999,0.00015680801733353205,0.12484433179470387,0.12499999999999999,0.12499999999999999,0.12499893434339916
2016-06-30,0.125,0.125,0.12499782039600789,0.125,0.0001526969382664252,0.12484988044046333,0.125,0.125,0.1249996022252624
2016-07-31,0.125,0.125,0.12499966009384042,0.125,0.00015013221384889885,0.1248520252464996,0.125,0.125,0.12499818244581111
2016-08-31,0.12499999999999999,0.12499999999999999,0.12499097394779828,0.12499999999999999,0.0005147196593283382,0.12450944037921706,0.12499999999999999,0.12499999999999999,0.12498486601365628
2016-09-30,0.12499999999999999,0.12499999999999999,0.12498319516938361,0.12499999999999999,0.0008536211559293656,0.12421923921738842,0.12499999999999999,0.12499999999999999,0.12494394445729856
2016-10-31,0.125,0.125,0.124963860852242,0.125,0.0008126161695591984,0.12448507038783324,0.125,0.125,0.12473845259036556
2016-11-30,0.125,0.125,0.12492790230590145,0.125,0.0004725359676799889,0.12463551734270227,0.125,0.125,0.12496404438371632
2016-12-31,0.125,0.125,0.12297895188290316,0.125,0.0023149567369239563,0.12475469365035118,0.125,0.125,0.12495139772982171
2017-01-31,0.125,0.125,0.04925138826961755,0.125,0.07631083061012073,0.12482636635154049,0.125,0.125,0.12461141476872123
2017-02-28,0.125,0.125,0.004640971355698588,0.125,0.12057280389264281,0.12479809617387412,0.125,0.125,0.12498812857778448
2017-03-31,0.125,0.125,0.004640599530045964,0.125,0.1205093053115978,0.12497724028679565,0.125,0.125,0.12487285487156058
2017-04-30,0.12499999999999999,0.12499999999999999,0.0028545532771068432,0.12499999999999999,0.12246009165793172,0.12499062077224693,0.12499999999999999,0.12499999999999999,0.12469473429271447
2017-05-31,0.12499999999999999,0.12499999999999999,0.009265814773945762,0.12499999999999999,0.11683903571816782,0.12493849979542497,0.12499999999999999,0.12499999999999999,0.1239566497124614
2017-06-30,0.125,0.125,0.013429632993440362,0.125,0.11240009767256436,0.12447737977612239,0.125,0.125,0.12469288955787292
2017-07-31,0.12499999999999999,0.12499999999999999,0.04848951565362579,0.12499999999999999,0.12153364494786065,0.12482233640380594,0.12499999999999999,0.12499999999999999,0.08015450299470758
2017-08-31,0.12499999999999999,0.12499999999999999,0.012493612829188885,0.12499999999999999,0.11503250493945141,0.12492743699488655,0.12499999999999999,0.12499999999999999,0.12254644523647311
2017-09-30,0.12499999999999999,0.12499999999999999,0.02646448120202891,0.12499999999999999,0.12299416229992301,0.12495866040357588,0.12499999999999999,0.12499999999999999,0.10058269609447218
2017-10-31,0.12499999999999999,0.12499999999999999,0.056532258808654846,0.12499999999999999,0.10673382690168476,0.12465797060300617,0.12499999999999999,0.12499999999999999,0.0870759436866542
2017-11-30,0.12500000000000003,0.12500000000000003,0.03712663214627982,0.12500000000000003,0.09346747126081462,0.12487480353511264,0.12500000000000003,0.12500000000000003,0.11953109305779297
2017-12-31,0.125,0.125,0.10428414336384365,0.125,0.09364226661409539,0.1249769902877031,0.125,0.125,0.05209659973435788
2018-01-31,0.125,0.125,0.12294051930635555,0.125,0.005158335063883185,0.12499393223760717,0.125,0.125,0.1219072133921541
2018-02-28,0.12500000000000003,0.12500000000000003,0.12463840312868041,0.12500000000000003,0.12497503003248235,0.1249597052209603,0.12500000000000003,0.12500000000000003,0.00042686161787698683
2018-03-31,0.12499999999999999,0.12499999999999999,0.12479839792100435,0.12499999999999999,0.004110037739831524,0.12495604567020699,0.12499999999999999,0.12499999999999999,0.12113551866895711
2018-04-30,0.125,0.125,0.12415140934815581,0.125,0.019151133934466307,0.12326382404424711,0.125,0.125,0.1084336326731308
2018-05-31,0.125,0.125,0.12491880127063613,0.125,0.12376029431674343,0.12499824771954583,0.125,0.125,0.0013226566930746224
2018-06-30,0.125,0.125,0.12491041897815813,0.125,0.01612720603641575,0.12499536561056995,0.125,0.125,0.10896700937485614
2018-07-31,0.125,0.125,0.12499159201180285,0.125,0.12499437454933539,0.12499791144325564,0.125,0.125,1.6121995606159537e-05
2018-08-31,0.125,0.125,0.12498616438023809,0.125,0.056241876134194256,0.12499276280852266,0.125,0.125,0.06877919667704503
2018-09-30,0.125,0.125,0.12499197705385341,0.125,0.11464806978969426,0.12499865629805454,0.125,0.125,0.010361296858397791
2018-10-31,0.125,0.125,0.12498303266004934,0.125,0.12448414104208028,0.12499759527327486,0.125,0.125,0.0005352310245955175
2018-11-30,0.12499999999999999,0.12499999999999999,0.12499966037820466,0.12499999999999999,0.013069176206315054,0.12489299542318032,0.12499999999999999,0.12499999999999999,0.11203816799229993
2018-12-31,0.125,0.125,0.12499988130211187,0.125,0.05465426412449208,0.1249989175681736,0.125,0.125,0.07034693700522245
2019-01-31,0.12499999999999997,0.12499999999999997,0.12499999999786415,0.12499999999999997,0.001009035598827907,0.1248843888969277,0.12499999999999997,0.12499999999999997,0.12410657550638016
2019-02-28,0.125,0.125,0.12499999990621084,0.125,0.1205652358868454,0.11745320540551178,0.125,0.125,0.011981558801431978
2019-03-31,0.12499999999999999,0.12499999999999999,0.12499994493298981,0.12499999999999999,0.11790717278661471,0.12493572183325612,0.12499999999999999,0.12499999999999999,0.007157160447139318
2019-04-30,0.125,0.125,0.12499980940867697,0.125,0.12499580180852854,0.12496089756808391,0.125,0.125,4.349121471059653e-05
2019-05-31,0.12499999999999999,0.12499999999999999,0.12499981808095666,0.12499999999999999,0.000369338584416052,0.12499363340875806,0.12499999999999999,0.12499999999999999,0.1246372099258692
2019-06-30,0.125,0.125,0.12499995497003001,0.125,0.06552911210254904,0.12492648514740873,0.125,0.125,0.05954444778001223
2019-07-31,0.125,0.125,0.12499998084361616,0.125,0.034758020215348254,0.12497069563197538,0.125,0.125,0.09027130330906023
2019-08-31,0.12499999999999999,0.12499999999999999,0.1249998839407353,0.12499999999999999,0.030475797523671796,0.1249960487331943,0.12499999999999999,0.12499999999999999,0.09452826980239856
2019-09-30,0.125,0.125,0.12499999666694124,0.125,0.1246221319664065,0.12498957959491377,0.125,0.125,0.00038829177173851253
2019-10-31,0.125,0.125,0.12499998310072383,0.125,0.03863631442054021,0.12499445054887046,0.125,0.125,0.08636925192986548
2019-11-30,0.125,0.125,0.12499985427013356,0.125,0.11086032375016835,0.12499652621402917,0.125,0.125,0.014143295765668897
2019-12-31,0.12499999999999999,0.12499999999999999,0.12499948035234452,0.12499999999999999,0.12365444088635191,0.12499369800832257,0.12499999999999999,0.12499999999999999,0.0013523807529809524
2020-01-31,0.125,0.125,0.12499555749003076,0.125,0.07982079560694959,0.12499273026112923,0.125,0.125,0.04519091664189047
2020-02-29,0.12499999999999999,0.12499999999999999,0.12499978766718534,0.12499999999999999,0.05031254469435765,0.12499766378587147,0.12499999999999999,0.12499999999999999,0.0746900038525855
2020-03-31,0.12499999999999999,0.12499999999999999,0.12499999999999999,0.12499999999999999,1.4881209746564027e-05,0.12498512689158968,0.12499999999999999,0.12499999999999999,0.12499999189866373
2020-04-30,0.125,0.125,0.125,0.125,0.125,0.0,0.125,0.125,0.125
2020-05-31,0.125,0.125,0.125,0.125,0.125,0.0,0.125,0.125,0.125
2020-06-30,0.125,0.125,0.125,0.125,0.125,0.0,0.125,0.125,0.125
2020-07-31,0.125,0.125,0.125,0.125,0.125,0.0,0.125,0.125,0.125
2020-08-31,0.125,0.125,0.125,0.125,0.125,0.0,0.125,0.125,0.125
2020-09-30,0.125,0.125,0.125,0.125,0.125,0.0,0.125,0.125,0.125
2020-10-31,0.125,0.125,0.12499999995441217,0.125,0.12318538996012925,0.0018241492410279148,0.125,0.125,0.1249904608444307
2020-11-30,0.125,0.125,0.125,0.125,0.12499806352264842,2.2765196944322276e-06,0.125,0.125,0.12499965995765717
2020-12-31,0.125,0.125,0.12499985664403773,0.125,0.07740244983329023,0.06069734439167653,0.125,0.125,0.1119003491309955
2021-01-31,0.12500000000000003,0.12500000000000003,0.12499998415625489,0.12500000000000003,0.1246087633981481,0.12280326397202625,0.12500000000000003,0.12500000000000003,0.0025879884735708074
2021-02-28,0.12499999999999999,0.12499999999999999,0.12499999994099091,0.12499999999999999,0.10397999107798142,0.027334686670465406,0.12499999999999999,0.12499999999999999,0.11868532231056222
2021-03-31,0.12499999999999997,0.12499999999999997,0.1249998252397556,0.12499999999999997,0.1249838085665298,1.6424802892960898e-05,0.12499999999999997,0.12499999999999997,0.12499994139082157
2021-04-30,0.125,0.125,0.125,0.125,0.125,0.0,0.125,0.125,0.125
2021-05-31,0.125,0.125,0.125,0.125,0.125,0.0,0.125,0.125,0.125
2021-06-30,0.12499999999999999,0.12499999999999999,0.002403963770807181,0.12499999999999999,0.12490630051935667,0.12268995760787108,0.12499999999999999,0.12499999999999999,0.12499977810196504
2021-07-31,0.12499999999999999,0.12499999999999999,0.0004646273359612561,0.12499999999999999,0.12496760645813904,0.12499723507678374,0.12499999999999999,0.12499999999999999,0.1245705311291159
2021-08-31,0.125,0.125,0.0006198691755040652,0.125,0.12486752344042566,0.12472116943387139,0.125,0.125,0.12479143795019888
2021-09-30,0.12499999999999999,0.12499999999999999,0.015732430171491254,0.12499999999999999,0.12477246596463591,0.12499239241758194,0.12499999999999999,0.12499999999999999,0.10950271144629085
2021-10-31,0.12499999999999999,0.12499999999999999,0.04328951747922896,0.12499999999999999,0.08856312148797768,0.11839661006780008,0.12499999999999999,0.12499999999999999,0.12475075096499323
2021-11-30,0.12499999999999999,0.12499999999999999,0.057397333765334624,0.12499999999999999,0.12465642826955553,0.12487024387033867,0.12499999999999999,0.12499999999999999,0.06807599409477112
2021-12-31,0.125,0.125,0.12488383966196298,0.125,0.003433604072327773,0.1222272663460599,0.125,0.125,0.12445528991964935
2022-01-31,0.12499999999999999,0.12499999999999999,0.12396398596657976,0.12499999999999999,0.023833807038681095,0.12489051548949427,0.12499999999999999,0.12499999999999999,0.10231169150524484
2022-02-28,0.125,0.125,0.1249994184923892,0.125,0.000711360086970155,0.12497435024562623,0.125,0.125,0.12431487117501441
2022-03-31,0.125,0.125,0.12499999984260837,0.125,0.1209366740528499,0.1003392972238127,0.125,0.125,0.028724028880728995
2022-04-30,0.12499999999999999,0.12499999999999999,0.12499990801706072,0.12499999999999999,0.005548662325069759,0.12027562347541038,0.12499999999999999,0.12499999999999999,0.1241758061824591
2022-05-31,0.125,0.125,0.12499999999999982,0.125,0.008208136233053845,0.1167935333134572,0.125,0.125,0.12499833045348918
2022-06-30,0.125,0.125,0.12499999998075784,0.125,0.07826193688412486,0.12497722222608762,0.125,0.125,0.04676084090902966
2022-07-31,0.12499999999999999,0.12499999999999999,0.12499999999994996,0.12499999999999999,0.0002741361478918995,0.12495925768880974,0.12499999999999999,0.12499999999999999,0.12476660616334836
2022-08-31,0.125,0.125,0.12499999999941144,0.125,0.10559157347652712,0.12482704441362803,0.125,0.125,0.019581382110433403
2022-09-30,0.125,0.125,0.12499999999999951,0.125,0.0040607067141821065,0.12499262989406401,0.125,0.125,0.12094666339175437
2022-10-31,0.12499999999999999,0.12499999999999999,0.12499999999999999,0.12499999999999999,0.0015201599768603397,0.12373975893009635,0.12499999999999999,0.12499999999999999,0.12474008109304328
2022-11-30,0.125,0.125,0.125,0.125,0.0031711108869254922,0.12499477474676006,0.125,0.125,0.12183411436631447
2022-12-31,0.125,0.125,0.12499999999997365,0.125,0.06384966696087924,0.12499665167915855,0.125,0.125,0.061153681359988596
2023-01-31,0.125,0.125,0.12499999999668737,0.125,0.12405563930467614,0.1249201857381228,0.125,0.125,0.001024174960513703
2023-02-28,0.125,0.125,0.12499999999943995,0.125,0.12499999287988292,0.12494221610405049,0.125,0.125,5.779101662668505e-05
2023-03-31,0.125,0.125,0.125,0.125,0.125,0.0,0.125,0.125,0.125
2023-04-30,0.125,0.125,0.1249999999887211,0.125,0.12499999562217429,0.12437914656100252,0.125,0.125,0.0006208578281021053
2023-05-31,0.125,0.125,0.1249999999584906,0.125,0.12496156414341063,0.12499798854399952,0.125,0.125,4.044735409926717e-05
2023-06-30,0.125,0.125,0.12499999999835973,0.125,0.01864183258136697,0.12499825524644292,0.125,0.125,0.1063599121738304
2023-07-31,0.125,0.125,0.12499999999195219,0.125,0.1243550555115914,0.12493052764933367,0.125,0.125,0.0007144168471227436
2023-08-31,0.12500000000000003,0.12500000000000003,0.12499999943312878,0.12500000000000003,0.12295584782474592,0.1249808926680778,0.12500000000000003,0.12500000000000003,0.0020632600740475436
2023-09-30,0.125,0.125,0.12499999682543049,0.125,0.12150274289116254,0.1249952813264407,0.125,0.125,0.003501978956966272
2023-10-31,0.125,0.125,0.12499999742481621,0.125,0.08024823134133495,0.12498766404718115,0.125,0.125,0.044764107186667706
2023-11-30,0.12499999999999999,0.12499999999999999,0.12499998447295023,0.12499999999999999,0.1216209717889837,0.12499883195549881,0.12499999999999999,0.12499999999999999,0.0033802117825672126
2023-12-31,0.12499999999999999,0.12499999999999999,0.12499998495749066,0.12499999999999999,0.04360193128474154,0.12496923414252786,0.12499999999999999,0.12499999999999999,0.0814288496152399
2024-01-31,0.12499999999999999,0.12499999999999999,0.1249999534299654,0.12499999999999999,0.12499999490765473,0.12498984402230259,0.12499999999999999,0.12499999999999999,1.020764007725257e-05
2024-02-29,0.12499999999999999,0.12499999999999999,0.12499942398630866,0.12499999999999999,0.12499762522194223,0.1249990262811799,0.12499999999999999,0.12499999999999999,3.924510569176796e-06
2024-03-31,0.12499999999999999,0.12499999999999999,0.124999815712236,0.12499999999999999,0.12495499826136484,0.12499707203792843,0.12499999999999999,0.12499999999999999,4.811398847068243e-05
2024-04-30,0.12499999999999999,0.12499999999999999,0.12499877910326405,0.12499999999999999,0.00030434289048343697,0.1249905664964928,0.12499999999999999,0.12499999999999999,0.12470631150975967
2024-05-31,0.125,0.125,0.12499628370580913,0.125,0.11225587190774047,0.12499519935792412,0.125,0.125,0.012752645028526273
2024-06-30,0.125,0.125,0.12499945148149108,0.125,0.12489568023467673,0.12499745468891683,0.125,0.125,0.00010741359491532016
2024-07-31,0.125,0.125,0.12499849914508153,0.125,0.06703200645709259,0.12499337119185214,0.125,0.125,0.05797612320597376
2024-08-31,0.125,0.125,0.12499957927015941,0.125,0.11333561453740885,0.12499751393968418,0.125,0.125,0.011667292252747569
2024-09-30,0.12500000000000003,0.12500000000000003,0.12499956924577696,0.12500000000000003,0.12473881610282607,0.12499928542240471,0.12500000000000003,0.12500000000000003,0.00026232922899230375
2024-10-31,0.125,0.125,0.12499871704176532,0.125,0.11713498084527314,0.12499919070356959,0.125,0.125,0.00786711140939196
2024-11-30,0.125,0.125,0.12499996348936808,0.125,0.005165061241078611,0.12499814952764594,0.125,0.125,0.1198368257419074
2024-12-31,0.125,0.125,0.12499799482716134,0.125,0.1249974744211466,0.12499762906665209,0.125,0.125,6.901685039954544e-06
2025-01-31,0.12499999999999999,0.12499999999999999,0.12497650752500464,0.12499999999999999,0.0074160383818169815,0.12499672527913876,0.12499999999999999,0.12499999999999999,0.11761072881403958
2025-02-28,0.12500000000000003,0.12500000000000003,0.12494429974519122,0.12500000000000003,0.0158058865429149,0.12499607950598296,0.12500000000000003,0.12500000000000003,0.10925373420591096
2025-03-31,0.125,0.125,0.12499433038121195,0.125,0.12498826419165686,0.12492746272376551,0.125,0.125,8.994270336567781e-05
2025-04-30,0.125,0.125,0.12499984624945536,0.125,0.0002087650204614641,0.12496822868449538,0.125,0.125,0.12482316004558783
2025-05-31,0.125,0.125,0.12499998166098511,0.125,0.0025902732489903857,0.12499627704115,0.125,0.125,0.12241346804887451
2025-06-30,0.125,0.125,0.12499987496242883,0.125,0.12492531249570961,0.12499700827849165,0.125,0.125,7.780426336988973e-05
2025-07-31,0.125,0.125,0.12499367200949545,0.125,0.11902690137462833,0.12499492661263485,0.125,0.125,0.005984500003241388
2025-08-31,0.125,0.125,0.12489339849972556,0.125,0.07643014691074501,0.12499780787022971,0.125,0.125,0.04867864671929973
2025-09-30,0.125,0.125,0.12476828003462173,0.125,0.008911693026100329,0.12499731768172179,0.125,0.125,0.11632270925755614
2025-10-31,0.125,0.125,0.12495713525160111,0.125,0.12082062111169249,0.12499836791241027,0.125,0.125,0.004223875724296147
2025-11-30,0.12499999999999999,0.12499999999999999,0.12493529489229357,0.12499999999999999,0.09986305504710616,0.12499797309134121,0.12499999999999999,0.12499999999999999,0.025203676969258997
2025-12-31,0.12500000000000003,0.12500000000000003,0.12484237135090578,0.12500000000000003,0.03908995074604875,0.12499762447009083,0.12500000000000003,0.12500000000000003,0.0860700534329547
2026-01-31,0.125,0.125,0.12397161466412122,0.125,0.023558854111694536,0.12499268563096662,0.125,0.125,0.10247684559321762
2026-02-28,0.125,0.125,0.12483052719617245,0.125,0.12487644749721245,0.12499720929410733,0.125,0.125,0.00029581601250774545
2026-03-31,0.12499999999999999,0.12499999999999999,0.12480577115846567,0.12499999999999999,0.009689442878414086,0.12495389562705358,0.12499999999999999,0.12499999999999999,0.11555089033606662
2026-04-30,0.125,0.125,0.12499996656246731,0.125,0.000325911413193423,0.12497586963121575,0.125,0.125,0.12469825239312356
2026-05-31,0.125,0.125,0.1249966741715719,0.125,0.058807450457106676,0.12486212792188159,0.125,0.125,0.06633374744943987
2026-06-30,0.125,0.125,0.12494291391381275,0.125,0.04602138400391125,0.12499747778870222,0.125,0.125,0.07903822429357377
2026-07-31,0.12499999999999997,0.12499999999999997,0.12485170900405473,0.12499999999999997,0.026562464606806193,0.12499729870331487,0.12499999999999997,0.12499999999999997,0.09858852768582413
2026-08-31,0.125,0.125,0.12493227424952685,0.125,0.06482516246261515,0.12499886700832955,0.125,0.125,0.060243696279528455
