date,K-means + HMM,Random-start HMM,Equal-weight sectors,SPY
2013,0.31872277924004466,0.30226973490923115,0.30831287824072917,0.3230782215347614
2014,0.13071971408634075,0.1299616142807427,0.1329302004595887,0.13463711205897222
2015,-0.02136280637381993,-0.013394138853675575,-0.013283269499996142,0.012343216339558039
2016,0.1420736242209586,0.15927796778056713,0.14365959007053664,0.11997899617748242
2017,0.18687320663500717,0.18872451695580694,0.1921503461630143,0.21705400607431202
2018,-0.060255126134656556,-0.06930488856268924,-0.06284955260087444,-0.045689950454367745
2019,0.27286217084136055,0.25203652400579424,0.2773431732003151,0.31223859642400953
2020,0.0984628465605839,0.10147483852841277,0.10036872249327011,0.18331639678551492
2021,0.3037991549039758,0.2618330097569066,0.2952695179841238,0.28728751028735755
2022,-0.021061652459067437,-0.02083322046803482,-0.0525069441339614,-0.1817536081973148
2023,0.11117619490817887,0.09245583692352355,0.13863994307387073,0.26175779777399377
2024,0.15505959748591902,0.14771974409803734,0.15630419677067264,0.2488647620714759
2025,0.13243572316575714,0.11900266556988859,0.13412674839608152,0.17719051276439668
2026,0.14321803595926186,0.12811788021551762,0.15105284196334168,0.13081639633743092
