model,stable,train_months,train_sp500_pct,val_months,test_months,hmm_matches_cluster
core_r2,True,"[14, 122, 139]","[-4.23, 0.46, 1.07]","[0, 57, 15]","[14, 2, 76]",0.88
core_r3,True,"[14, 67, 128, 66]","[-4.23, -0.44, 1.1, 1.44]","[0, 32, 14, 26]","[11, 0, 75, 6]",0.84
core_r4,False,"[14, 50, 62, 61, 88]","[-4.23, -2.82, -0.13, 1.44, 3.04]","[0, 3, 31, 27, 11]","[9, 38, 0, 6, 39]",0.65
core+INDPRO_r2,True,"[12, 120, 143]","[-3.26, 0.25, 1.09]","[0, 56, 16]","[10, 2, 80]",0.92
core+INDPRO_r3,True,"[12, 74, 123, 66]","[-3.26, -0.95, 1.32, 1.43]","[0, 32, 13, 27]","[12, 0, 74, 6]",0.84
core+INDPRO_r4,False,"[12, 47, 69, 61, 86]","[-3.26, -2.72, -0.53, 1.48, 3.02]","[0, 4, 33, 23, 12]","[8, 38, 0, 4, 42]",0.76
core+PAYEMS_r2,True,"[11, 131, 133]","[-2.78, -0.03, 1.36]","[0, 57, 15]","[13, 5, 74]",0.86
core+PAYEMS_r3,True,"[11, 82, 63, 119]","[-2.78, -0.86, 1.21, 1.44]","[0, 31, 26, 15]","[10, 4, 5, 73]",0.79
core+PAYEMS_r4,False,"[11, 42, 58, 115, 49]","[-2.78, -4.92, 0.63, 1.53, 3.49]","[0, 2, 25, 15, 30]","[10, 2, 5, 72, 3]",0.76
core+AWHNONAG_r2,True,"[15, 122, 138]","[-4.19, 0.34, 1.22]","[0, 57, 15]","[15, 2, 75]",0.88
core+AWHNONAG_r3,True,"[15, 78, 56, 126]","[-4.19, 0.03, 1.13, 1.14]","[0, 35, 24, 13]","[15, 0, 6, 71]",0.8
core+AWHNONAG_r4,True,"[15, 61, 63, 61, 75]","[-4.19, -1.18, -0.4, 1.34, 3.0]","[0, 4, 32, 24, 12]","[13, 39, 0, 5, 35]",0.66
core+AWHMAN_r2,True,"[13, 126, 136]","[-3.53, 0.24, 1.2]","[0, 56, 16]","[13, 2, 77]",0.9
core+AWHMAN_r3,False,"[13, 66, 125, 71]","[-3.53, -1.48, 1.31, 1.78]","[0, 32, 13, 27]","[13, 0, 73, 6]",0.78
core+AWHMAN_r4,False,"[13, 52, 62, 64, 84]","[-3.53, -2.63, -0.28, 1.33, 3.11]","[0, 3, 31, 27, 11]","[11, 39, 0, 6, 36]",0.63
core+ICSA_r2,True,"[13, 122, 140]","[-4.32, 0.44, 1.07]","[0, 56, 16]","[18, 0, 74]",0.91
core+ICSA_r3,False,"[13, 59, 125, 78]","[-4.32, -2.34, 1.54, 1.91]","[0, 30, 14, 28]","[17, 2, 70, 3]",0.79
core+ICSA_r4,True,"[13, 45, 60, 66, 91]","[-4.32, -2.94, -0.32, 1.52, 2.8]","[0, 3, 31, 25, 13]","[18, 32, 0, 1, 41]",0.7
core+UNRATE_r2,True,"[13, 121, 141]","[-3.98, 0.27, 1.17]","[0, 56, 16]","[13, 2, 77]",0.91
core+UNRATE_r3,True,"[13, 76, 119, 67]","[-3.98, -0.97, 1.46, 1.47]","[0, 36, 13, 23]","[18, 0, 69, 5]",0.8
core+UNRATE_r4,False,"[13, 56, 65, 62, 79]","[-3.98, -1.11, -0.43, 1.41, 2.55]","[0, 4, 35, 23, 10]","[11, 37, 0, 5, 39]",0.58
core+INDPRO+PAYEMS_r2,True,"[12, 131, 132]","[-3.34, 0.04, 1.38]","[0, 58, 14]","[13, 2, 77]",0.89
core+INDPRO+PAYEMS_r3,True,"[12, 81, 62, 120]","[-3.34, -0.78, 1.33, 1.39]","[0, 32, 25, 15]","[12, 1, 4, 75]",0.81
core+INDPRO+PAYEMS_r4,True,"[12, 41, 53, 112, 57]","[-3.34, -4.8, 0.96, 1.58, 2.74]","[0, 3, 24, 15, 30]","[10, 3, 4, 75, 0]",0.84
core+INDPRO+AWHNONAG_r2,True,"[16, 118, 141]","[-3.55, 0.41, 1.1]","[0, 56, 16]","[14, 2, 76]",0.9
core+INDPRO+AWHNONAG_r3,False,"[16, 67, 122, 70]","[-3.55, -0.99, 1.29, 1.61]","[0, 32, 13, 27]","[12, 0, 74, 6]",0.79
core+INDPRO+AWHNONAG_r4,False,"[16, 65, 75, 62, 57]","[-3.55, -0.92, 0.75, 1.36, 2.14]","[0, 34, 10, 4, 24]","[12, 0, 40, 36, 4]",0.52
core+INDPRO+AWHMAN_r2,True,"[13, 120, 142]","[-3.37, 0.25, 1.13]","[0, 56, 16]","[12, 2, 78]",0.91
core+INDPRO+AWHMAN_r3,True,"[13, 66, 121, 75]","[-3.37, -1.56, 1.28, 1.85]","[0, 32, 13, 27]","[14, 0, 72, 6]",0.76
core+INDPRO+AWHMAN_r4,False,"[13, 54, 65, 65, 78]","[-3.37, -1.66, -0.75, 1.61, 2.88]","[0, 4, 32, 26, 10]","[10, 44, 0, 5, 33]",0.62
core+INDPRO+ICSA_r2,True,"[11, 124, 140]","[-4.11, 0.29, 1.11]","[0, 56, 16]","[13, 0, 79]",0.93
core+INDPRO+ICSA_r3,True,"[11, 61, 127, 76]","[-4.11, -2.02, 1.33, 1.92]","[0, 30, 14, 28]","[16, 2, 70, 4]",0.79
core+INDPRO+ICSA_r4,False,"[11, 51, 65, 66, 82]","[-4.11, -1.78, -0.75, 1.6, 2.75]","[0, 3, 32, 25, 12]","[15, 34, 0, 4, 39]",0.66
core+INDPRO+UNRATE_r2,True,"[11, 121, 143]","[-4.11, 0.22, 1.16]","[0, 56, 16]","[11, 2, 79]",0.93
core+INDPRO+UNRATE_r3,False,"[11, 72, 123, 69]","[-4.11, -1.26, 1.35, 1.68]","[0, 32, 13, 27]","[13, 1, 73, 5]",0.86
core+INDPRO+UNRATE_r4,False,"[11, 70, 54, 60, 80]","[-4.11, -0.52, -0.49, 1.58, 2.0]","[0, 32, 3, 25, 12]","[11, 0, 36, 6, 39]",0.65
core+PAYEMS+AWHNONAG_r2,True,"[12, 130, 133]","[-2.48, 0.04, 1.29]","[0, 57, 15]","[19, 2, 71]",0.85
core+PAYEMS+AWHNONAG_r3,False,"[12, 73, 119, 71]","[-2.48, -1.66, 1.38, 1.87]","[0, 31, 15, 26]","[15, 2, 71, 4]",0.76
core+PAYEMS+AWHNONAG_r4,True,"[12, 41, 53, 115, 54]","[-2.48, -5.12, 0.62, 1.63, 3.06]","[0, 2, 26, 14, 30]","[16, 3, 3, 68, 2]",0.76
core+PAYEMS+AWHMAN_r2,True,"[13, 131, 131]","[-2.24, -0.03, 1.37]","[0, 58, 14]","[17, 2, 73]",0.85
core+PAYEMS+AWHMAN_r3,True,"[13, 84, 60, 118]","[-2.24, -0.81, 1.32, 1.39]","[0, 32, 26, 14]","[17, 1, 3, 71]",0.76
core+PAYEMS+AWHMAN_r4,False,"[13, 46, 54, 111, 51]","[-2.24, -4.69, 0.84, 1.58, 3.34]","[0, 1, 27, 14, 30]","[17, 2, 3, 69, 1]",0.74
core+PAYEMS+ICSA_r2,True,"[11, 133, 131]","[-2.78, -0.07, 1.42]","[0, 57, 15]","[15, 4, 73]",0.88
core+PAYEMS+ICSA_r3,True,"[11, 63, 121, 80]","[-2.78, -2.35, 1.43, 1.9]","[0, 27, 14, 31]","[15, 3, 72, 2]",0.8
core+PAYEMS+ICSA_r4,False,"[11, 35, 60, 122, 47]","[-2.78, -5.34, 0.54, 1.38, 3.47]","[0, 2, 26, 15, 29]","[15, 1, 2, 73, 1]",0.77
core+PAYEMS+UNRATE_r2,False,"[12, 129, 134]","[-3.34, 0.03, 1.36]","[0, 57, 15]","[15, 3, 74]",0.88
core+PAYEMS+UNRATE_r3,True,"[12, 79, 66, 118]","[-3.34, -0.7, 1.09, 1.44]","[0, 29, 29, 14]","[12, 3, 4, 73]",0.81
core+PAYEMS+UNRATE_r4,False,"[12, 45, 59, 116, 43]","[-3.34, -4.61, 0.76, 1.61, 3.8]","[0, 3, 27, 14, 28]","[14, 2, 4, 72, 0]",0.76
core+AWHNONAG+AWHMAN_r2,True,"[18, 122, 135]","[-3.11, 0.35, 1.18]","[0, 56, 16]","[13, 2, 77]",0.9
core+AWHNONAG+AWHMAN_r3,False,"[18, 103, 83, 71]","[-3.11, 0.52, 0.9, 1.05]","[0, 54, 8, 10]","[14, 0, 44, 34]",0.81
core+AWHNONAG+AWHMAN_r4,True,"[18, 60, 67, 67, 63]","[-3.11, -1.42, 0.47, 1.92, 2.03]","[0, 31, 8, 27, 6]","[14, 0, 31, 6, 41]",0.62
core+AWHNONAG+ICSA_r2,True,"[16, 122, 137]","[-3.88, 0.44, 1.13]","[0, 57, 15]","[19, 0, 73]",0.91
core+AWHNONAG+ICSA_r3,False,"[16, 59, 119, 81]","[-3.88, -2.11, 1.5, 1.91]","[0, 29, 13, 30]","[18, 5, 66, 3]",0.79
core+AWHNONAG+ICSA_r4,False,"[16, 52, 63, 73, 71]","[-3.88, -2.22, -0.02, 2.06, 2.47]","[0, 30, 7, 25, 10]","[19, 0, 34, 3, 36]",0.73
core+AWHNONAG+UNRATE_r2,True,"[16, 124, 135]","[-3.6, 0.35, 1.19]","[0, 56, 16]","[14, 2, 76]",0.93
core+AWHNONAG+UNRATE_r3,False,"[16, 57, 118, 84]","[-3.6, -3.25, 1.8, 2.11]","[0, 28, 13, 31]","[14, 3, 69, 6]",0.77
core+AWHNONAG+UNRATE_r4,False,"[16, 55, 73, 55, 76]","[-3.6, -1.21, -0.24, 1.38, 2.8]","[0, 3, 36, 22, 11]","[14, 34, 0, 6, 38]",0.65
core+AWHMAN+ICSA_r2,True,"[12, 125, 138]","[-2.85, 0.2, 1.13]","[0, 56, 16]","[18, 0, 74]",0.9
core+AWHMAN+ICSA_r3,True,"[12, 61, 118, 84]","[-2.85, -2.61, 1.54, 1.88]","[0, 31, 13, 28]","[17, 0, 71, 4]",0.76
core+AWHMAN+ICSA_r4,False,"[12, 45, 62, 70, 86]","[-2.85, -2.95, -0.76, 1.62, 2.87]","[0, 3, 31, 27, 11]","[16, 34, 0, 4, 38]",0.61
core+AWHMAN+UNRATE_r2,True,"[13, 123, 139]","[-3.37, 0.21, 1.18]","[0, 56, 16]","[13, 2, 77]",0.91
core+AWHMAN+UNRATE_r3,False,"[13, 74, 119, 69]","[-3.37, -1.19, 1.44, 1.56]","[0, 31, 13, 28]","[14, 1, 71, 6]",0.83
core+AWHMAN+UNRATE_r4,False,"[13, 50, 65, 62, 85]","[-3.37, -1.44, -0.18, 1.27, 2.3]","[0, 4, 35, 23, 10]","[14, 34, 0, 5, 39]",0.62
core+ICSA+UNRATE_r2,True,"[11, 125, 139]","[-4.11, 0.24, 1.16]","[0, 56, 16]","[14, 0, 78]",0.91
core+ICSA+UNRATE_r3,False,"[11, 60, 122, 82]","[-4.11, -2.57, 1.54, 1.93]","[0, 29, 13, 30]","[15, 3, 70, 4]",0.76
core+ICSA+UNRATE_r4,False,"[11, 48, 65, 59, 92]","[-4.11, -2.29, 0.63, 1.03, 2.17]","[0, 9, 29, 22, 12]","[15, 19, 0, 3, 55]",0.68
core+INDPRO+PAYEMS+AWHNONAG_r2,True,"[13, 131, 131]","[-3.02, 0.04, 1.38]","[0, 57, 15]","[15, 6, 71]",0.86
core+INDPRO+PAYEMS+AWHNONAG_r3,False,"[13, 74, 119, 69]","[-3.02, -1.42, 1.42, 1.77]","[0, 32, 15, 25]","[14, 2, 72, 4]",0.79
core+INDPRO+PAYEMS+AWHNONAG_r4,False,"[13, 56, 82, 53, 71]","[-3.02, -2.85, 1.04, 1.96, 2.2]","[0, 7, 8, 8, 49]","[15, 0, 41, 34, 2]",0.71
core+INDPRO+PAYEMS+AWHMAN_r2,True,"[14, 131, 130]","[-2.76, 0.04, 1.38]","[0, 58, 14]","[19, 3, 70]",0.85
core+INDPRO+PAYEMS+AWHMAN_r3,True,"[14, 83, 60, 118]","[-2.76, -0.61, 1.21, 1.38]","[0, 33, 25, 14]","[19, 0, 2, 71]",0.81
core+INDPRO+PAYEMS+AWHMAN_r4,True,"[14, 44, 58, 114, 45]","[-2.76, -4.63, 1.11, 1.56, 3.28]","[0, 2, 25, 14, 31]","[19, 2, 2, 69, 0]",0.77
core+INDPRO+PAYEMS+ICSA_r2,True,"[12, 132, 131]","[-3.34, -0.0, 1.43]","[0, 57, 15]","[16, 2, 74]",0.9
core+INDPRO+PAYEMS+ICSA_r3,False,"[12, 64, 121, 78]","[-3.34, -2.14, 1.48, 1.85]","[0, 30, 15, 27]","[15, 2, 72, 3]",0.79
core+INDPRO+PAYEMS+ICSA_r4,False,"[12, 48, 47, 111, 57]","[-3.34, -3.42, 0.55, 1.58, 2.62]","[0, 3, 18, 15, 36]","[16, 0, 2, 74, 0]",0.81
core+INDPRO+PAYEMS+UNRATE_r2,True,"[12, 130, 133]","[-3.34, 0.02, 1.38]","[0, 57, 15]","[11, 7, 74]",0.88
core+INDPRO+PAYEMS+UNRATE_r3,False,"[12, 68, 121, 74]","[-3.34, -1.8, 1.45, 1.81]","[0, 4, 15, 53]","[13, 2, 72, 5]",0.83
core+INDPRO+PAYEMS+UNRATE_r4,False,"[12, 48, 62, 111, 42]","[-3.34, -3.99, 0.58, 1.62, 3.87]","[0, 1, 26, 15, 30]","[11, 5, 5, 71, 0]",0.79
core+INDPRO+AWHNONAG+AWHMAN_r2,True,"[14, 120, 141]","[-3.04, 0.25, 1.13]","[0, 56, 16]","[13, 2, 77]",0.9
core+INDPRO+AWHNONAG+AWHMAN_r3,True,"[14, 104, 85, 72]","[-3.04, 0.35, 0.74, 1.25]","[0, 54, 8, 10]","[12, 0, 33, 47]",0.8
core+INDPRO+AWHNONAG+AWHMAN_r4,True,"[14, 62, 72, 66, 61]","[-3.04, -1.62, 0.5, 1.99, 2.0]","[0, 31, 6, 27, 8]","[13, 1, 30, 5, 43]",0.68
core+INDPRO+AWHNONAG+ICSA_r2,True,"[12, 122, 141]","[-3.7, 0.17, 1.21]","[0, 56, 16]","[14, 0, 78]",0.93
core+INDPRO+AWHNONAG+ICSA_r3,True,"[12, 62, 122, 79]","[-3.7, -2.01, 1.37, 1.88]","[0, 31, 13, 28]","[17, 3, 68, 4]",0.77
core+INDPRO+AWHNONAG+ICSA_r4,False,"[12, 57, 67, 73, 66]","[-3.7, -2.37, 0.39, 2.05, 2.27]","[0, 32, 8, 25, 7]","[20, 4, 28, 4, 36]",0.7
core+INDPRO+AWHNONAG+UNRATE_r2,True,"[12, 121, 142]","[-3.7, 0.22, 1.16]","[0, 56, 16]","[13, 2, 77]",0.92
core+INDPRO+AWHNONAG+UNRATE_r3,True,"[12, 79, 117, 67]","[-3.7, -1.04, 1.4, 1.63]","[0, 33, 13, 26]","[15, 2, 70, 5]",0.77
core+INDPRO+AWHNONAG+UNRATE_r4,False,"[12, 59, 60, 86, 58]","[-3.7, -1.19, 0.88, 1.03, 2.07]","[0, 29, 7, 10, 26]","[15, 0, 31, 42, 4]",0.56
core+INDPRO+AWHMAN+ICSA_r2,True,"[13, 125, 137]","[-3.37, 0.21, 1.2]","[0, 56, 16]","[18, 0, 74]",0.91
core+INDPRO+AWHMAN+ICSA_r3,True,"[13, 67, 119, 76]","[-3.37, -1.41, 1.34, 1.65]","[0, 32, 13, 27]","[17, 0, 71, 4]",0.77
core+INDPRO+AWHMAN+ICSA_r4,False,"[13, 45, 61, 73, 83]","[-3.37, -2.04, -0.87, 1.62, 2.62]","[0, 3, 32, 25, 12]","[17, 29, 0, 4, 42]",0.65
core+INDPRO+AWHMAN+UNRATE_r2,True,"[13, 121, 141]","[-3.37, 0.22, 1.16]","[0, 56, 16]","[14, 2, 76]",0.92
core+INDPRO+AWHMAN+UNRATE_r3,True,"[13, 73, 121, 68]","[-3.37, -1.21, 1.36, 1.67]","[0, 33, 13, 26]","[17, 2, 69, 4]",0.83
core+INDPRO+AWHMAN+UNRATE_r4,False,"[13, 47, 58, 60, 97]","[-3.37, -1.6, -0.03, 1.7, 1.71]","[0, 7, 27, 26, 12]","[16, 22, 0, 4, 50]",0.69
core+INDPRO+ICSA+UNRATE_r2,True,"[11, 122, 142]","[-4.11, 0.15, 1.22]","[0, 56, 16]","[14, 0, 78]",0.95
core+INDPRO+ICSA+UNRATE_r3,True,"[11, 66, 120, 78]","[-4.11, -2.06, 1.56, 1.79]","[0, 31, 14, 27]","[16, 1, 71, 4]",0.77
core+INDPRO+ICSA+UNRATE_r4,False,"[11, 62, 53, 78, 71]","[-4.11, -2.05, 0.8, 1.72, 2.0]","[0, 31, 3, 12, 26]","[15, 0, 36, 37, 4]",0.62
core+PAYEMS+AWHNONAG+AWHMAN_r2,True,"[14, 129, 132]","[-1.99, 0.07, 1.25]","[0, 58, 14]","[19, 2, 71]",0.85
core+PAYEMS+AWHNONAG+AWHMAN_r3,True,"[14, 75, 116, 70]","[-1.99, -1.43, 1.49, 1.55]","[0, 9, 14, 49]","[17, 4, 69, 2]",0.81
core+PAYEMS+AWHNONAG+AWHMAN_r4,False,"[14, 71, 66, 65, 59]","[-1.99, -1.27, 0.51, 1.78, 1.96]","[0, 8, 3, 49, 12]","[15, 2, 35, 2, 38]",0.6
core+PAYEMS+AWHNONAG+ICSA_r2,True,"[12, 131, 132]","[-2.48, -0.03, 1.36]","[0, 57, 15]","[24, 0, 68]",0.85
core+PAYEMS+AWHNONAG+ICSA_r3,True,"[12, 62, 121, 80]","[-2.48, -2.48, 1.45, 1.93]","[0, 27, 14, 31]","[19, 2, 70, 1]",0.79
core+PAYEMS+AWHNONAG+ICSA_r4,False,"[12, 55, 79, 78, 51]","[-2.48, -2.81, 0.84, 1.88, 2.31]","[0, 26, 9, 27, 10]","[16, 2, 40, 0, 34]",0.71
core+PAYEMS+AWHNONAG+UNRATE_r2,True,"[13, 126, 136]","[-3.02, 0.14, 1.24]","[0, 57, 15]","[19, 2, 71]",0.86
core+PAYEMS+AWHNONAG+UNRATE_r3,False,"[13, 75, 122, 65]","[-3.02, -1.12, 1.35, 1.61]","[0, 29, 15, 28]","[14, 2, 72, 4]",0.81
core+PAYEMS+AWHNONAG+UNRATE_r4,False,"[13, 65, 83, 51, 63]","[-3.02, -1.74, 1.17, 1.76, 1.77]","[0, 9, 11, 5, 47]","[13, 2, 53, 22, 2]",0.76
core+PAYEMS+AWHMAN+ICSA_r2,True,"[13, 131, 131]","[-2.24, -0.03, 1.37]","[0, 57, 15]","[22, 0, 70]",0.86
core+PAYEMS+AWHMAN+ICSA_r3,False,"[13, 64, 120, 78]","[-2.24, -2.1, 1.39, 1.83]","[0, 30, 15, 27]","[21, 1, 69, 1]",0.76
core+PAYEMS+AWHMAN+ICSA_r4,False,"[13, 46, 52, 112, 52]","[-2.24, -3.73, 0.47, 1.51, 2.94]","[0, 2, 20, 14, 36]","[21, 1, 1, 69, 0]",0.8
core+PAYEMS+AWHMAN+UNRATE_r2,True,"[14, 128, 133]","[-2.76, 0.15, 1.25]","[0, 58, 14]","[17, 2, 73]",0.85
core+PAYEMS+AWHMAN+UNRATE_r3,True,"[14, 79, 64, 118]","[-2.76, -0.65, 1.08, 1.42]","[0, 30, 28, 14]","[17, 3, 3, 69]",0.8
core+PAYEMS+AWHMAN+UNRATE_r4,False,"[14, 46, 59, 113, 43]","[-2.76, -4.62, 0.91, 1.6, 3.8]","[0, 2, 28, 14, 28]","[17, 2, 3, 69, 1]",0.76
core+PAYEMS+ICSA+UNRATE_r2,True,"[12, 123, 140]","[-3.34, 0.12, 1.23]","[0, 57, 15]","[16, 3, 73]",0.88
core+PAYEMS+ICSA+UNRATE_r3,False,"[12, 74, 70, 119]","[-3.34, -0.87, 1.21, 1.4]","[0, 29, 29, 14]","[17, 2, 2, 71]",0.79
core+PAYEMS+ICSA+UNRATE_r4,False,"[12, 37, 60, 118, 48]","[-3.34, -5.07, 0.68, 1.46, 3.37]","[0, 1, 26, 15, 30]","[17, 1, 2, 72, 0]",0.76
core+AWHNONAG+AWHMAN+ICSA_r2,True,"[22, 120, 133]","[-3.01, 0.47, 1.17]","[0, 57, 15]","[19, 0, 73]",0.91
core+AWHNONAG+AWHMAN+ICSA_r3,False,"[22, 60, 115, 78]","[-3.01, -1.59, 1.42, 1.85]","[0, 32, 13, 27]","[21, 1, 67, 3]",0.74
core+AWHNONAG+AWHMAN+ICSA_r4,False,"[22, 55, 66, 73, 59]","[-3.01, -1.8, 0.45, 1.91, 2.41]","[0, 31, 9, 24, 8]","[19, 4, 35, 1, 33]",0.72
core+AWHNONAG+AWHMAN+UNRATE_r2,True,"[21, 118, 136]","[-2.71, 0.4, 1.15]","[0, 56, 16]","[14, 2, 76]",0.93
core+AWHNONAG+AWHMAN+UNRATE_r3,False,"[21, 68, 119, 67]","[-2.71, -1.62, 1.59, 1.85]","[0, 31, 13, 28]","[15, 1, 70, 6]",0.77
core+AWHNONAG+AWHMAN+UNRATE_r4,False,"[21, 63, 62, 63, 66]","[-2.71, -1.39, 0.52, 2.01, 2.01]","[0, 31, 3, 27, 11]","[15, 0, 29, 6, 42]",0.55
core+AWHNONAG+ICSA+UNRATE_r2,True,"[12, 125, 138]","[-3.7, 0.24, 1.17]","[0, 55, 17]","[16, 0, 76]",0.93
core+AWHNONAG+ICSA+UNRATE_r3,False,"[12, 60, 119, 84]","[-3.7, -2.23, 1.45, 1.81]","[0, 29, 13, 30]","[17, 4, 67, 4]",0.79
core+AWHNONAG+ICSA+UNRATE_r4,False,"[12, 54, 66, 75, 68]","[-3.7, -2.57, 0.25, 1.93, 2.48]","[0, 29, 7, 26, 10]","[17, 3, 35, 4, 33]",0.71
core+AWHMAN+ICSA+UNRATE_r2,True,"[12, 127, 136]","[-2.85, 0.09, 1.25]","[0, 56, 16]","[18, 0, 74]",0.9
core+AWHMAN+ICSA+UNRATE_r3,True,"[12, 59, 118, 86]","[-2.85, -2.69, 1.55, 1.82]","[0, 29, 13, 30]","[17, 2, 69, 4]",0.78
core+AWHMAN+ICSA+UNRATE_r4,False,"[12, 47, 60, 62, 94]","[-2.85, -2.41, 0.32, 1.13, 2.18]","[0, 8, 29, 23, 12]","[17, 18, 0, 3, 54]",0.66
core+INDPRO+PAYEMS+AWHNONAG+AWHMAN_r2,True,"[15, 131, 129]","[-2.5, 0.04, 1.38]","[0, 58, 14]","[21, 2, 69]",0.84
core+INDPRO+PAYEMS+AWHNONAG+AWHMAN_r3,True,"[15, 71, 116, 73]","[-2.5, -1.47, 1.48, 1.6]","[0, 7, 15, 50]","[19, 4, 67, 2]",0.74
core+INDPRO+PAYEMS+AWHNONAG+AWHMAN_r4,True,"[15, 66, 71, 68, 55]","[-2.5, -1.41, 0.77, 1.74, 1.9]","[0, 7, 5, 51, 9]","[19, 0, 37, 2, 34]",0.67
core+INDPRO+PAYEMS+AWHNONAG+ICSA_r2,True,"[13, 131, 131]","[-3.02, -0.01, 1.43]","[0, 57, 15]","[20, 0, 72]",0.88
core+INDPRO+PAYEMS+AWHNONAG+ICSA_r3,False,"[13, 59, 121, 82]","[-3.02, -2.4, 1.52, 1.76]","[0, 29, 15, 28]","[18, 1, 71, 2]",0.77
core+INDPRO+PAYEMS+AWHNONAG+ICSA_r4,False,"[13, 56, 77, 74, 55]","[-3.02, -2.39, 0.68, 1.91, 2.3]","[0, 30, 10, 26, 6]","[18, 1, 38, 0, 35]",0.68
core+INDPRO+PAYEMS+AWHNONAG+UNRATE_r2,True,"[13, 125, 137]","[-3.02, -0.01, 1.36]","[0, 57, 15]","[14, 6, 72]",0.86
core+INDPRO+PAYEMS+AWHNONAG+UNRATE_r3,False,"[13, 74, 119, 69]","[-3.02, -1.43, 1.44, 1.75]","[0, 6, 15, 51]","[17, 1, 70, 4]",0.82
core+INDPRO+PAYEMS+AWHNONAG+UNRATE_r4,False,"[13, 63, 77, 67, 55]","[-3.02, -2.17, 1.14, 1.82, 2.05]","[0, 3, 8, 54, 7]","[18, 2, 38, 2, 32]",0.66
core+INDPRO+PAYEMS+AWHMAN+ICSA_r2,True,"[14, 131, 130]","[-2.76, -0.01, 1.43]","[0, 57, 15]","[24, 0, 68]",0.87
core+INDPRO+PAYEMS+AWHMAN+ICSA_r3,False,"[14, 67, 120, 74]","[-2.76, -1.78, 1.5, 1.68]","[0, 32, 15, 25]","[23, 1, 67, 1]",0.75
core+INDPRO+PAYEMS+AWHMAN+ICSA_r4,False,"[14, 48, 48, 108, 57]","[-2.76, -3.26, 0.56, 1.62, 2.46]","[0, 2, 19, 15, 36]","[23, 1, 1, 67, 0]",0.79
core+INDPRO+PAYEMS+AWHMAN+UNRATE_r2,True,"[14, 124, 137]","[-2.76, -0.01, 1.36]","[0, 58, 14]","[19, 2, 71]",0.85
core+INDPRO+PAYEMS+AWHMAN+UNRATE_r3,True,"[14, 78, 66, 117]","[-2.76, -0.79, 1.1, 1.49]","[0, 31, 27, 14]","[19, 1, 3, 69]",0.79
core+INDPRO+PAYEMS+AWHMAN+UNRATE_r4,False,"[14, 46, 60, 111, 44]","[-2.76, -4.6, 0.81, 1.58, 3.93]","[0, 1, 28, 14, 29]","[18, 2, 3, 69, 0]",0.75
core+INDPRO+PAYEMS+ICSA+UNRATE_r2,False,"[12, 131, 132]","[-3.34, -0.04, 1.46]","[0, 57, 15]","[14, 4, 74]",0.88
core+INDPRO+PAYEMS+ICSA+UNRATE_r3,False,"[12, 66, 121, 76]","[-3.34, -2.09, 1.52, 1.86]","[0, 31, 15, 26]","[16, 2, 72, 2]",0.79
core+INDPRO+PAYEMS+ICSA+UNRATE_r4,False,"[12, 50, 57, 54, 102]","[-3.34, -1.98, 0.74, 1.08, 1.82]","[0, 5, 25, 28, 14]","[17, 4, 0, 3, 68]",0.67
core+INDPRO+AWHNONAG+AWHMAN+ICSA_r2,True,"[14, 125, 136]","[-3.04, 0.21, 1.2]","[0, 57, 15]","[17, 0, 75]",0.9
core+INDPRO+AWHNONAG+AWHMAN+ICSA_r3,False,"[14, 79, 84, 98]","[-3.04, 0.44, 0.58, 1.08]","[0, 12, 45, 15]","[18, 18, 0, 56]",0.68
core+INDPRO+AWHNONAG+AWHMAN+ICSA_r4,False,"[14, 62, 72, 67, 60]","[-3.04, -1.94, 0.65, 1.9, 2.25]","[0, 32, 7, 25, 8]","[19, 5, 39, 4, 25]",0.65
core+INDPRO+AWHNONAG+AWHMAN+UNRATE_r2,True,"[14, 121, 140]","[-3.04, 0.22, 1.16]","[0, 56, 16]","[14, 2, 76]",0.91
core+INDPRO+AWHNONAG+AWHMAN+UNRATE_r3,True,"[14, 92, 68, 101]","[-3.04, 0.37, 0.54, 1.18]","[0, 50, 6, 16]","[13, 2, 23, 54]",0.7
core+INDPRO+AWHNONAG+AWHMAN+UNRATE_r4,False,"[14, 62, 87, 56, 56]","[-3.04, -1.69, 1.07, 1.73, 1.86]","[0, 33, 11, 23, 5]","[15, 1, 52, 4, 20]",0.65
core+INDPRO+AWHNONAG+ICSA+UNRATE_r2,True,"[12, 122, 141]","[-3.7, 0.15, 1.22]","[0, 56, 16]","[16, 0, 76]",0.94
core+INDPRO+AWHNONAG+ICSA+UNRATE_r3,True,"[12, 74, 115, 74]","[-3.7, -1.43, 1.5, 1.68]","[0, 31, 13, 28]","[17, 2, 69, 4]",0.79
core+INDPRO+AWHNONAG+ICSA+UNRATE_r4,True,"[12, 67, 70, 63, 63]","[-3.7, -1.51, 0.48, 1.94, 2.17]","[0, 32, 8, 25, 7]","[18, 4, 29, 4, 37]",0.74
core+INDPRO+AWHMAN+ICSA+UNRATE_r2,True,"[13, 122, 140]","[-3.37, 0.15, 1.23]","[0, 56, 16]","[17, 0, 75]",0.93
core+INDPRO+AWHMAN+ICSA+UNRATE_r3,True,"[13, 71, 113, 78]","[-3.37, -1.51, 1.54, 1.58]","[0, 32, 13, 27]","[18, 1, 69, 4]",0.79
core+INDPRO+AWHMAN+ICSA+UNRATE_r4,False,"[13, 64, 80, 49, 69]","[-3.37, -1.87, 1.22, 1.56, 1.97]","[0, 33, 4, 11, 24]","[18, 4, 28, 38, 4]",0.57
core+PAYEMS+AWHNONAG+AWHMAN+ICSA_r2,True,"[14, 131, 130]","[-1.99, -0.03, 1.37]","[0, 57, 15]","[25, 0, 67]",0.85
core+PAYEMS+AWHNONAG+AWHMAN+ICSA_r3,False,"[14, 67, 117, 77]","[-1.99, -2.05, 1.49, 1.78]","[0, 26, 15, 31]","[25, 0, 67, 0]",0.76
core+PAYEMS+AWHNONAG+AWHMAN+ICSA_r4,False,"[14, 63, 68, 70, 60]","[-1.99, -1.8, 0.61, 1.83, 1.98]","[0, 28, 9, 28, 7]","[22, 0, 41, 0, 29]",0.64
core+PAYEMS+AWHNONAG+AWHMAN+UNRATE_r2,True,"[15, 127, 133]","[-2.5, 0.13, 1.26]","[0, 58, 14]","[19, 2, 71]",0.84
core+PAYEMS+AWHNONAG+AWHMAN+UNRATE_r3,True,"[15, 74, 121, 65]","[-2.5, -1.14, 1.33, 1.66]","[0, 9, 15, 48]","[18, 1, 71, 2]",0.85
core+PAYEMS+AWHNONAG+AWHMAN+UNRATE_r4,True,"[15, 63, 85, 54, 58]","[-2.5, -1.74, 1.19, 1.68, 1.75]","[0, 9, 8, 9, 46]","[17, 2, 53, 19, 1]",0.77
core+PAYEMS+AWHNONAG+ICSA+UNRATE_r2,True,"[13, 123, 139]","[-3.02, 0.12, 1.23]","[0, 57, 15]","[19, 2, 71]",0.87
core+PAYEMS+AWHNONAG+ICSA+UNRATE_r3,True,"[13, 73, 117, 72]","[-3.02, -1.34, 1.42, 1.64]","[0, 27, 14, 31]","[18, 3, 70, 1]",0.82
core+PAYEMS+AWHNONAG+ICSA+UNRATE_r4,False,"[13, 70, 81, 64, 47]","[-3.02, -1.47, 0.78, 1.69, 2.52]","[0, 2, 9, 55, 6]","[19, 2, 39, 0, 32]",0.71
core+PAYEMS+AWHMAN+ICSA+UNRATE_r2,True,"[13, 128, 134]","[-2.24, -0.05, 1.36]","[0, 57, 15]","[21, 0, 71]",0.86
core+PAYEMS+AWHMAN+ICSA+UNRATE_r3,False,"[13, 70, 117, 75]","[-2.24, -1.64, 1.43, 1.64]","[0, 29, 14, 29]","[21, 2, 68, 1]",0.76
core+PAYEMS+AWHMAN+ICSA+UNRATE_r4,False,"[13, 36, 67, 116, 43]","[-2.24, -5.31, 0.71, 1.49, 3.41]","[0, 1, 27, 14, 30]","[20, 1, 1, 69, 1]",0.75
core+AWHNONAG+AWHMAN+ICSA+UNRATE_r2,True,"[16, 125, 134]","[-3.04, 0.24, 1.23]","[0, 56, 16]","[19, 0, 73]",0.91
core+AWHNONAG+AWHMAN+ICSA+UNRATE_r3,False,"[16, 68, 118, 73]","[-3.04, -1.32, 1.38, 1.68]","[0, 29, 13, 30]","[18, 2, 68, 4]",0.8
core+AWHNONAG+AWHMAN+ICSA+UNRATE_r4,False,"[16, 65, 71, 67, 56]","[-3.04, -1.34, 0.61, 1.72, 2.21]","[0, 31, 8, 27, 6]","[17, 2, 38, 4, 31]",0.71
core+INDPRO+PAYEMS+AWHNONAG+AWHMAN+ICSA_r2,True,"[15, 130, 130]","[-2.5, -0.02, 1.44]","[0, 57, 15]","[25, 0, 67]",0.85
core+INDPRO+PAYEMS+AWHNONAG+AWHMAN+ICSA_r3,False,"[15, 61, 119, 80]","[-2.5, -1.95, 1.49, 1.57]","[0, 29, 14, 29]","[24, 0, 67, 1]",0.74
core+INDPRO+PAYEMS+AWHNONAG+AWHMAN+ICSA_r4,False,"[15, 60, 76, 70, 54]","[-2.5, -1.76, 0.9, 1.64, 1.98]","[0, 28, 9, 27, 8]","[24, 0, 36, 0, 32]",0.67
core+INDPRO+PAYEMS+AWHNONAG+AWHMAN+UNRATE_r2,True,"[15, 124, 136]","[-2.5, -0.01, 1.36]","[0, 58, 14]","[21, 2, 69]",0.84
core+INDPRO+PAYEMS+AWHNONAG+AWHMAN+UNRATE_r3,False,"[15, 80, 68, 112]","[-2.5, -1.01, 1.38, 1.53]","[0, 7, 50, 15]","[19, 3, 2, 68]",0.8
core+INDPRO+PAYEMS+AWHNONAG+AWHMAN+UNRATE_r4,False,"[15, 61, 89, 55, 55]","[-2.5, -1.95, 1.24, 1.74, 1.76]","[0, 4, 12, 53, 3]","[19, 1, 57, 2, 13]",0.65
core+INDPRO+PAYEMS+AWHNONAG+ICSA+UNRATE_r2,True,"[13, 130, 132]","[-3.02, -0.03, 1.44]","[0, 57, 15]","[16, 4, 72]",0.88
core+INDPRO+PAYEMS+AWHNONAG+ICSA+UNRATE_r3,False,"[13, 76, 117, 69]","[-3.02, -1.3, 1.44, 1.69]","[0, 31, 15, 26]","[16, 2, 72, 2]",0.79
core+INDPRO+PAYEMS+AWHNONAG+ICSA+UNRATE_r4,False,"[13, 69, 79, 62, 52]","[-3.02, -1.51, 0.86, 1.86, 2.06]","[0, 29, 11, 26, 6]","[17, 4, 36, 0, 35]",0.66
core+INDPRO+PAYEMS+AWHMAN+ICSA+UNRATE_r2,True,"[14, 125, 136]","[-2.76, 0.01, 1.35]","[0, 57, 15]","[23, 0, 69]",0.85
core+INDPRO+PAYEMS+AWHMAN+ICSA+UNRATE_r3,False,"[14, 67, 119, 75]","[-2.76, -1.8, 1.46, 1.76]","[0, 28, 15, 29]","[23, 1, 67, 1]",0.77
core+INDPRO+PAYEMS+AWHMAN+ICSA+UNRATE_r4,False,"[14, 60, 80, 48, 73]","[-2.76, -2.1, 1.04, 1.85, 1.9]","[0, 28, 10, 7, 27]","[23, 2, 31, 36, 0]",0.65
core+INDPRO+AWHNONAG+AWHMAN+ICSA+UNRATE_r2,True,"[14, 120, 141]","[-3.04, 0.25, 1.13]","[0, 57, 15]","[17, 0, 75]",0.92
core+INDPRO+AWHNONAG+AWHMAN+ICSA+UNRATE_r3,True,"[14, 76, 115, 70]","[-3.04, -1.14, 1.42, 1.61]","[0, 30, 13, 29]","[16, 3, 69, 4]",0.8
core+INDPRO+AWHNONAG+AWHMAN+ICSA+UNRATE_r4,False,"[14, 70, 71, 62, 58]","[-3.04, -1.37, 0.68, 1.77, 2.19]","[0, 34, 8, 24, 6]","[18, 4, 35, 2, 33]",0.7
core+PAYEMS+AWHNONAG+AWHMAN+ICSA+UNRATE_r2,True,"[14, 126, 135]","[-1.99, 0.05, 1.25]","[0, 57, 15]","[24, 0, 68]",0.84
core+PAYEMS+AWHNONAG+AWHMAN+ICSA+UNRATE_r3,False,"[14, 74, 118, 69]","[-1.99, -1.47, 1.44, 1.65]","[0, 5, 15, 52]","[23, 2, 67, 0]",0.82
core+PAYEMS+AWHNONAG+AWHMAN+ICSA+UNRATE_r4,False,"[14, 70, 72, 61, 58]","[-1.99, -1.38, 0.81, 1.65, 1.93]","[0, 5, 9, 52, 6]","[24, 2, 40, 0, 26]",0.69
core+INDPRO+PAYEMS+AWHNONAG+AWHMAN+ICSA+UNRATE_r2,True,"[15, 123, 137]","[-2.5, -0.02, 1.36]","[0, 57, 15]","[21, 0, 71]",0.85
core+INDPRO+PAYEMS+AWHNONAG+AWHMAN+ICSA+UNRATE_r3,False,"[15, 78, 114, 68]","[-2.5, -1.3, 1.47, 1.73]","[0, 7, 15, 50]","[25, 0, 67, 0]",0.74
core+INDPRO+PAYEMS+AWHNONAG+AWHMAN+ICSA+UNRATE_r4,False,"[15, 74, 75, 61, 50]","[-2.5, -1.19, 0.8, 1.64, 2.25]","[0, 31, 10, 24, 7]","[24, 1, 40, 0, 27]",0.62
