model,stability_ratio,min_ari,n_normal,n_variables,stable
core_r2,1.0,1.0,2,5,True
core_r3,1.0,1.0,3,5,True
core_r4,0.98,0.9798816275770358,4,5,False
core+INDPRO_r2,1.0,1.0,2,6,True
core+INDPRO_r3,1.0,1.0,3,6,True
core+INDPRO_r4,0.34,0.9807894384468822,4,6,False
core+PAYEMS_r2,1.0,1.0,2,6,True
core+PAYEMS_r3,1.0,1.0,3,6,True
core+PAYEMS_r4,0.87,0.9770751276472998,4,6,False
core+AWHNONAG_r2,1.0,1.0,2,6,True
core+AWHNONAG_r3,1.0,1.0,3,6,True
core+AWHNONAG_r4,1.0,1.0,4,6,True
core+AWHMAN_r2,1.0,1.0,2,6,True
core+AWHMAN_r3,0.93,0.883675179925842,3,6,False
core+AWHMAN_r4,0.34,0.9710306995460127,4,6,False
core+ICSA_r2,1.0,1.0,2,6,True
core+ICSA_r3,0.84,0.9641109005656087,3,6,False
core+ICSA_r4,1.0,1.0,4,6,True
core+UNRATE_r2,1.0,1.0,2,6,True
core+UNRATE_r3,1.0,1.0,3,6,True
core+UNRATE_r4,0.01,0.9612971220673516,4,6,False
core+INDPRO+PAYEMS_r2,1.0,1.0,2,7,True
core+INDPRO+PAYEMS_r3,1.0,1.0,3,7,True
core+INDPRO+PAYEMS_r4,1.0,1.0,4,7,True
core+INDPRO+AWHNONAG_r2,1.0,1.0,2,7,True
core+INDPRO+AWHNONAG_r3,0.34,0.9017317375212179,3,7,False
core+INDPRO+AWHNONAG_r4,0.47,0.9450550757547643,4,7,False
core+INDPRO+AWHMAN_r2,1.0,1.0,2,7,True
core+INDPRO+AWHMAN_r3,1.0,1.0,3,7,True
core+INDPRO+AWHMAN_r4,0.16,0.8994170712247623,4,7,False
core+INDPRO+ICSA_r2,1.0,1.0,2,7,True
core+INDPRO+ICSA_r3,1.0,1.0,3,7,True
core+INDPRO+ICSA_r4,0.14,0.7113064255605364,4,7,False
core+INDPRO+UNRATE_r2,1.0,1.0,2,7,True
core+INDPRO+UNRATE_r3,0.99,0.9885608165811707,3,7,False
core+INDPRO+UNRATE_r4,0.44,0.9804394295851168,4,7,False
core+PAYEMS+AWHNONAG_r2,1.0,1.0,2,7,True
core+PAYEMS+AWHNONAG_r3,0.99,0.9913324859453191,3,7,False
core+PAYEMS+AWHNONAG_r4,1.0,1.0,4,7,True
core+PAYEMS+AWHMAN_r2,1.0,1.0,2,7,True
core+PAYEMS+AWHMAN_r3,1.0,1.0,3,7,True
core+PAYEMS+AWHMAN_r4,0.67,0.988803372591544,4,7,False
core+PAYEMS+ICSA_r2,1.0,1.0,2,7,True
core+PAYEMS+ICSA_r3,1.0,1.0,3,7,True
core+PAYEMS+ICSA_r4,0.08,0.9484570416005071,4,7,False
core+PAYEMS+UNRATE_r2,0.97,0.9859903135178174,2,7,False
core+PAYEMS+UNRATE_r3,1.0,1.0,3,7,True
core+PAYEMS+UNRATE_r4,0.82,0.9883837836489207,4,7,False
core+AWHNONAG+AWHMAN_r2,1.0,1.0,2,7,True
core+AWHNONAG+AWHMAN_r3,0.99,0.990329860486759,3,7,False
core+AWHNONAG+AWHMAN_r4,1.0,1.0,4,7,True
core+AWHNONAG+ICSA_r2,1.0,1.0,2,7,True
core+AWHNONAG+ICSA_r3,0.85,0.991539993408664,3,7,False
core+AWHNONAG+ICSA_r4,0.04,0.9905987869394453,4,7,False
core+AWHNONAG+UNRATE_r2,1.0,1.0,2,7,True
core+AWHNONAG+UNRATE_r3,0.98,0.9914748612820363,3,7,False
core+AWHNONAG+UNRATE_r4,0.14,0.45311108442495496,4,7,False
core+AWHMAN+ICSA_r2,1.0,1.0,2,7,True
core+AWHMAN+ICSA_r3,1.0,1.0,3,7,True
core+AWHMAN+ICSA_r4,0.3,0.956927023969285,4,7,False
core+AWHMAN+UNRATE_r2,1.0,1.0,2,7,True
core+AWHMAN+UNRATE_r3,0.73,0.9913744201460655,3,7,False
core+AWHMAN+UNRATE_r4,0.78,0.8925221569381036,4,7,False
core+ICSA+UNRATE_r2,1.0,1.0,2,7,True
core+ICSA+UNRATE_r3,0.36,0.9808212087190143,3,7,False
core+ICSA+UNRATE_r4,0.12,0.628850005527471,4,7,False
core+INDPRO+PAYEMS+AWHNONAG_r2,1.0,1.0,2,8,True
core+INDPRO+PAYEMS+AWHNONAG_r3,0.93,0.927905145549057,3,8,False
core+INDPRO+PAYEMS+AWHNONAG_r4,0.11,0.9814693779234707,4,8,False
core+INDPRO+PAYEMS+AWHMAN_r2,1.0,1.0,2,8,True
core+INDPRO+PAYEMS+AWHMAN_r3,1.0,1.0,3,8,True
core+INDPRO+PAYEMS+AWHMAN_r4,1.0,1.0,4,8,True
core+INDPRO+PAYEMS+ICSA_r2,1.0,1.0,2,8,True
core+INDPRO+PAYEMS+ICSA_r3,0.67,0.9443354013701579,3,8,False
core+INDPRO+PAYEMS+ICSA_r4,0.4,0.9542523423336498,4,8,False
core+INDPRO+PAYEMS+UNRATE_r2,1.0,1.0,2,8,True
core+INDPRO+PAYEMS+UNRATE_r3,0.27,0.8734008758026052,3,8,False
core+INDPRO+PAYEMS+UNRATE_r4,0.68,0.7553856457060046,4,8,False
core+INDPRO+AWHNONAG+AWHMAN_r2,1.0,1.0,2,8,True
core+INDPRO+AWHNONAG+AWHMAN_r3,1.0,1.0,3,8,True
core+INDPRO+AWHNONAG+AWHMAN_r4,1.0,1.0,4,8,True
core+INDPRO+AWHNONAG+ICSA_r2,1.0,1.0,2,8,True
core+INDPRO+AWHNONAG+ICSA_r3,1.0,1.0,3,8,True
core+INDPRO+AWHNONAG+ICSA_r4,0.74,0.9896399734604462,4,8,False
core+INDPRO+AWHNONAG+UNRATE_r2,1.0,1.0,2,8,True
core+INDPRO+AWHNONAG+UNRATE_r3,1.0,1.0,3,8,True
core+INDPRO+AWHNONAG+UNRATE_r4,0.47,0.9787151138980367,4,8,False
core+INDPRO+AWHMAN+ICSA_r2,1.0,1.0,2,8,True
core+INDPRO+AWHMAN+ICSA_r3,1.0,1.0,3,8,True
core+INDPRO+AWHMAN+ICSA_r4,0.91,0.7098065420980708,4,8,False
core+INDPRO+AWHMAN+UNRATE_r2,1.0,1.0,2,8,True
core+INDPRO+AWHMAN+UNRATE_r3,1.0,1.0,3,8,True
core+INDPRO+AWHMAN+UNRATE_r4,0.69,0.956351106467743,4,8,False
core+INDPRO+ICSA+UNRATE_r2,1.0,1.0,2,8,True
core+INDPRO+ICSA+UNRATE_r3,1.0,1.0,3,8,True
core+INDPRO+ICSA+UNRATE_r4,0.86,0.962750200536455,4,8,False
core+PAYEMS+AWHNONAG+AWHMAN_r2,1.0,1.0,2,8,True
core+PAYEMS+AWHNONAG+AWHMAN_r3,1.0,1.0,3,8,True
core+PAYEMS+AWHNONAG+AWHMAN_r4,0.12,0.9721441862599037,4,8,False
core+PAYEMS+AWHNONAG+ICSA_r2,1.0,1.0,2,8,True
core+PAYEMS+AWHNONAG+ICSA_r3,1.0,1.0,3,8,True
core+PAYEMS+AWHNONAG+ICSA_r4,0.88,0.990529272869156,4,8,False
core+PAYEMS+AWHNONAG+UNRATE_r2,1.0,1.0,2,8,True
core+PAYEMS+AWHNONAG+UNRATE_r3,0.74,0.9881660066048501,3,8,False
core+PAYEMS+AWHNONAG+UNRATE_r4,0.97,0.9818550685915708,4,8,False
core+PAYEMS+AWHMAN+ICSA_r2,1.0,1.0,2,8,True
core+PAYEMS+AWHMAN+ICSA_r3,0.97,0.9653474989679545,3,8,False
core+PAYEMS+AWHMAN+ICSA_r4,0.35,0.9452067368289084,4,8,False
core+PAYEMS+AWHMAN+UNRATE_r2,1.0,1.0,2,8,True
core+PAYEMS+AWHMAN+UNRATE_r3,1.0,1.0,3,8,True
core+PAYEMS+AWHMAN+UNRATE_r4,0.89,0.9884307827998394,4,8,False
core+PAYEMS+ICSA+UNRATE_r2,1.0,1.0,2,8,True
core+PAYEMS+ICSA+UNRATE_r3,0.13,0.9827872988633849,3,8,False
core+PAYEMS+ICSA+UNRATE_r4,0.3,0.9422253498484715,4,8,False
core+AWHNONAG+AWHMAN+ICSA_r2,1.0,1.0,2,8,True
core+AWHNONAG+AWHMAN+ICSA_r3,0.88,0.9880084671998257,3,8,False
core+AWHNONAG+AWHMAN+ICSA_r4,0.11,0.9339942651193214,4,8,False
core+AWHNONAG+AWHMAN+UNRATE_r2,1.0,1.0,2,8,True
core+AWHNONAG+AWHMAN+UNRATE_r3,0.86,0.9657972111502082,3,8,False
core+AWHNONAG+AWHMAN+UNRATE_r4,0.13,0.9417666810032211,4,8,False
core+AWHNONAG+ICSA+UNRATE_r2,1.0,1.0,2,8,True
core+AWHNONAG+ICSA+UNRATE_r3,0.84,0.9792811699412821,3,8,False
core+AWHNONAG+ICSA+UNRATE_r4,0.05,0.8984710182017788,4,8,False
core+AWHMAN+ICSA+UNRATE_r2,1.0,1.0,2,8,True
core+AWHMAN+ICSA+UNRATE_r3,1.0,1.0,3,8,True
core+AWHMAN+ICSA+UNRATE_r4,0.66,0.6374396241759327,4,8,False
core+INDPRO+PAYEMS+AWHNONAG+AWHMAN_r2,1.0,1.0,2,9,True
core+INDPRO+PAYEMS+AWHNONAG+AWHMAN_r3,1.0,1.0,3,9,True
core+INDPRO+PAYEMS+AWHNONAG+AWHMAN_r4,1.0,1.0,4,9,True
core+INDPRO+PAYEMS+AWHNONAG+ICSA_r2,1.0,1.0,2,9,True
core+INDPRO+PAYEMS+AWHNONAG+ICSA_r3,0.94,0.9892143092948877,3,9,False
core+INDPRO+PAYEMS+AWHNONAG+ICSA_r4,0.14,0.9807651006421884,4,9,False
core+INDPRO+PAYEMS+AWHNONAG+UNRATE_r2,1.0,1.0,2,9,True
core+INDPRO+PAYEMS+AWHNONAG+UNRATE_r3,0.79,0.9713611920448927,3,9,False
core+INDPRO+PAYEMS+AWHNONAG+UNRATE_r4,0.77,0.979532586483818,4,9,False
core+INDPRO+PAYEMS+AWHMAN+ICSA_r2,1.0,1.0,2,9,True
core+INDPRO+PAYEMS+AWHMAN+ICSA_r3,0.9,0.965461895826968,3,9,False
core+INDPRO+PAYEMS+AWHMAN+ICSA_r4,0.02,0.9576235386483616,4,9,False
core+INDPRO+PAYEMS+AWHMAN+UNRATE_r2,1.0,1.0,2,9,True
core+INDPRO+PAYEMS+AWHMAN+UNRATE_r3,1.0,1.0,3,9,True
core+INDPRO+PAYEMS+AWHMAN+UNRATE_r4,0.05,0.9221505796445937,4,9,False
core+INDPRO+PAYEMS+ICSA+UNRATE_r2,0.99,0.9859892915682156,2,9,False
core+INDPRO+PAYEMS+ICSA+UNRATE_r3,0.46,0.9887712023144807,3,9,False
core+INDPRO+PAYEMS+ICSA+UNRATE_r4,0.26,0.9207817881517547,4,9,False
core+INDPRO+AWHNONAG+AWHMAN+ICSA_r2,1.0,1.0,2,9,True
core+INDPRO+AWHNONAG+AWHMAN+ICSA_r3,0.99,0.9889430288645109,3,9,False
core+INDPRO+AWHNONAG+AWHMAN+ICSA_r4,0.72,0.9908243264644411,4,9,False
core+INDPRO+AWHNONAG+AWHMAN+UNRATE_r2,1.0,1.0,2,9,True
core+INDPRO+AWHNONAG+AWHMAN+UNRATE_r3,1.0,1.0,3,9,True
core+INDPRO+AWHNONAG+AWHMAN+UNRATE_r4,0.4,0.9419598763558229,4,9,False
core+INDPRO+AWHNONAG+ICSA+UNRATE_r2,1.0,1.0,2,9,True
core+INDPRO+AWHNONAG+ICSA+UNRATE_r3,1.0,1.0,3,9,True
core+INDPRO+AWHNONAG+ICSA+UNRATE_r4,1.0,1.0,4,9,True
core+INDPRO+AWHMAN+ICSA+UNRATE_r2,1.0,1.0,2,9,True
core+INDPRO+AWHMAN+ICSA+UNRATE_r3,1.0,1.0,3,9,True
core+INDPRO+AWHMAN+ICSA+UNRATE_r4,0.02,0.8990367458882684,4,9,False
core+PAYEMS+AWHNONAG+AWHMAN+ICSA_r2,1.0,1.0,2,9,True
core+PAYEMS+AWHNONAG+AWHMAN+ICSA_r3,0.99,0.9882178257392563,3,9,False
core+PAYEMS+AWHNONAG+AWHMAN+ICSA_r4,0.48,0.9346222721051658,4,9,False
core+PAYEMS+AWHNONAG+AWHMAN+UNRATE_r2,1.0,1.0,2,9,True
core+PAYEMS+AWHNONAG+AWHMAN+UNRATE_r3,1.0,1.0,3,9,True
core+PAYEMS+AWHNONAG+AWHMAN+UNRATE_r4,1.0,1.0,4,9,True
core+PAYEMS+AWHNONAG+ICSA+UNRATE_r2,1.0,1.0,2,9,True
core+PAYEMS+AWHNONAG+ICSA+UNRATE_r3,1.0,1.0,3,9,True
core+PAYEMS+AWHNONAG+ICSA+UNRATE_r4,0.04,0.9710626365297876,4,9,False
core+PAYEMS+AWHMAN+ICSA+UNRATE_r2,1.0,1.0,2,9,True
core+PAYEMS+AWHMAN+ICSA+UNRATE_r3,0.94,0.9768665204320728,3,9,False
core+PAYEMS+AWHMAN+ICSA+UNRATE_r4,0.05,0.8832362870937277,4,9,False
core+AWHNONAG+AWHMAN+ICSA+UNRATE_r2,1.0,1.0,2,9,True
core+AWHNONAG+AWHMAN+ICSA+UNRATE_r3,0.01,0.9886404758334135,3,9,False
core+AWHNONAG+AWHMAN+ICSA+UNRATE_r4,0.07,0.9157884787242365,4,9,False
core+INDPRO+PAYEMS+AWHNONAG+AWHMAN+ICSA_r2,1.0,1.0,2,10,True
core+INDPRO+PAYEMS+AWHNONAG+AWHMAN+ICSA_r3,0.66,0.9879456531063455,3,10,False
core+INDPRO+PAYEMS+AWHNONAG+AWHMAN+ICSA_r4,0.82,0.9806869756189888,4,10,False
core+INDPRO+PAYEMS+AWHNONAG+AWHMAN+UNRATE_r2,1.0,1.0,2,10,True
core+INDPRO+PAYEMS+AWHNONAG+AWHMAN+UNRATE_r3,0.62,0.9496630456535475,3,10,False
core+INDPRO+PAYEMS+AWHNONAG+AWHMAN+UNRATE_r4,0.21,0.9601751751993117,4,10,False
core+INDPRO+PAYEMS+AWHNONAG+ICSA+UNRATE_r2,1.0,1.0,2,10,True
core+INDPRO+PAYEMS+AWHNONAG+ICSA+UNRATE_r3,0.03,0.9264049626141111,3,10,False
core+INDPRO+PAYEMS+AWHNONAG+ICSA+UNRATE_r4,0.16,0.9704601151144918,4,10,False
core+INDPRO+PAYEMS+AWHMAN+ICSA+UNRATE_r2,1.0,1.0,2,10,True
core+INDPRO+PAYEMS+AWHMAN+ICSA+UNRATE_r3,0.94,0.7569540248247807,3,10,False
core+INDPRO+PAYEMS+AWHMAN+ICSA+UNRATE_r4,0.15,0.9428796069267921,4,10,False
core+INDPRO+AWHNONAG+AWHMAN+ICSA+UNRATE_r2,1.0,1.0,2,10,True
core+INDPRO+AWHNONAG+AWHMAN+ICSA+UNRATE_r3,1.0,1.0,3,10,True
core+INDPRO+AWHNONAG+AWHMAN+ICSA+UNRATE_r4,0.35,0.979640048075609,4,10,False
core+PAYEMS+AWHNONAG+AWHMAN+ICSA+UNRATE_r2,1.0,1.0,2,10,True
core+PAYEMS+AWHNONAG+AWHMAN+ICSA+UNRATE_r3,0.47,0.9231575158701444,3,10,False
core+PAYEMS+AWHNONAG+AWHMAN+ICSA+UNRATE_r4,0.16,0.9237887259134399,4,10,False
core+INDPRO+PAYEMS+AWHNONAG+AWHMAN+ICSA+UNRATE_r2,1.0,1.0,2,11,True
core+INDPRO+PAYEMS+AWHNONAG+AWHMAN+ICSA+UNRATE_r3,0.61,0.9486849787120377,3,11,False
core+INDPRO+PAYEMS+AWHNONAG+AWHMAN+ICSA+UNRATE_r4,0.14,0.9399846712698104,4,11,False
